{"cameraMode":{"drawMode":0,"name":"Shaded","section":"Shading Mode"},"sceneLighting":false,"audioPlay":false,"sceneViewState":{"showFog":true,"showMaterialUpdate":false,"showSkybox":false,"showFlares":true,"showImageEffects":true,"showParticleSystems":true},"in2DMode":false,"pivot":{"x":-0.2543899416923523,"y":1.6650735139846802,"z":-0.17907391488552094},"rotation":{"x":0.6850325465202332,"y":-0.03169412165880203,"z":0.029838787391781808,"w":0.7273997664451599},"size":2.9660251140594484,"orthographic":false}